commit	avg_score	passed	total	status	description
bb4a565	1.0	25	25	baseline	manual run
bb4a565	1.0	26	26	baseline	manual run
bb4a565	1.0	26	26	baseline	manual run
bb4a565	1.0	26	26	baseline	manual run
034d3d1	1.0	26	26	keep	update routing for ISRC to publishing and add missing coverage terms to music agent
083c660	1.0	26	26	baseline	manual run
083c660	1.0	26	26	baseline	manual run
083c660	1.000	26	26	keep	Fix routing ambiguities in Conductor prompt
9ea0f91	1.0	26	26	baseline	manual run
9ea0f91	1.0	26	26	baseline	manual run
9ea0f91	0.9863	26	26	baseline	manual run
9ea0f91	1.0	26	26	baseline	manual run
9ea0f91	1.0	26	26	baseline	manual run
9ea0f91	1.0	26	26	baseline	manual run
9ea0f91	1.0	26	26	baseline	manual run
9ea0f91	1.0	26	26	baseline	manual run
9ea0f91	1.0	26	26	baseline	manual run
9ea0f91	1.0	26	26	baseline	manual run
9ea0f91	1.0	26	26	baseline	manual run
9ea0f91	1.000	26	26	keep	Consolidate Conductor routing table and out-of-scope sections for simplicity
c9e8f56	1.0	26	26	baseline	manual run
84bc659	1.0	26	26	keep	Reformatted Conductor routing table to Markdown table
84bc659	1.0	26	26	keep	manual run
90d41ab	1.0	26	26	keep	Improve agent0 routing table coverage
6eeeb2c	1.0	26	26	baseline	manual run
ac7289d	1.0	26	26	baseline	manual run
ac7289d	0.9615	25	26	baseline	manual run
ac7289d	0.9615	25	26	baseline	manual run
ac7289d	1.0	26	26	baseline	manual run
d21b6f45a	1.0	26	26	baseline	manual run
cc9c82d	1.0	26	26	keep	routing ISRC to publishing
